,Date,Year,Month,Holiday,Weekday,WorkingDay,WeatherSituation,Casual,Registered,Total
0,2011-01-01,2011,Jan,FALSE,Sat,FALSE,Cloudy,331,654,985
1,2011-01-02,2011,Jan,FALSE,Sun,FALSE,Cloudy,131,670,801
2,2011-01-03,2011,Jan,FALSE,Mon,TRUE,Sunny,120,1229,1349
3,2011-01-04,2011,Jan,FALSE,Tues,TRUE,Sunny,108,1454,1562
4,2011-01-05,2011,Jan,FALSE,Wed,TRUE,Sunny,82,1518,1600
5,2011-01-06,2011,Jan,FALSE,Thur,TRUE,Sunny,88,1518,1606
6,2011-01-07,2011,Jan,FALSE,Fri,TRUE,Cloudy,148,1362,1510
7,2011-01-08,2011,Jan,FALSE,Sat,FALSE,Cloudy,68,891,959
8,2011-01-09,2011,Jan,FALSE,Sun,FALSE,Sunny,54,768,822
9,2011-01-10,2011,Jan,FALSE,Mon,TRUE,Sunny,41,1280,1321
10,2011-01-11,2011,Jan,FALSE,Tues,TRUE,Cloudy,43,1220,1263
11,2011-01-12,2011,Jan,FALSE,Wed,TRUE,Sunny,25,1137,1162
12,2011-01-13,2011,Jan,FALSE,Thur,TRUE,Sunny,38,1368,1406
13,2011-01-14,2011,Jan,FALSE,Fri,TRUE,Sunny,54,1367,1421
14,2011-01-15,2011,Jan,FALSE,Sat,FALSE,Cloudy,222,1026,1248
15,2011-01-16,2011,Jan,FALSE,Sun,FALSE,Sunny,251,953,1204
16,2011-01-17,2011,Jan,TRUE,Mon,FALSE,Cloudy,117,883,1000
17,2011-01-18,2011,Jan,FALSE,Tues,TRUE,Cloudy,9,674,683
18,2011-01-19,2011,Jan,FALSE,Wed,TRUE,Cloudy,78,1572,1650
19,2011-01-20,2011,Jan,FALSE,Thur,TRUE,Cloudy,83,1844,1927
20,2011-01-21,2011,Jan,FALSE,Fri,TRUE,Sunny,75,1468,1543
21,2011-01-22,2011,Jan,FALSE,Sat,FALSE,Sunny,93,888,981
22,2011-01-23,2011,Jan,FALSE,Sun,FALSE,Sunny,150,836,986
23,2011-01-24,2011,Jan,FALSE,Mon,TRUE,Sunny,86,1330,1416
24,2011-01-25,2011,Jan,FALSE,Tues,TRUE,Cloudy,186,1799,1985
25,2011-01-26,2011,Jan,FALSE,Wed,TRUE,Rain/Snow,34,472,506
26,2011-01-27,2011,Jan,FALSE,Thur,TRUE,Sunny,15,416,431
27,2011-01-28,2011,Jan,FALSE,Fri,TRUE,Cloudy,38,1129,1167
28,2011-01-29,2011,Jan,FALSE,Sat,FALSE,Sunny,123,975,1098
29,2011-01-30,2011,Jan,FALSE,Sun,FALSE,Sunny,140,956,1096
30,2011-01-31,2011,Jan,FALSE,Mon,TRUE,Cloudy,42,1459,1501
31,2011-02-01,2011,Feb,FALSE,Tues,TRUE,Cloudy,47,1313,1360
32,2011-02-02,2011,Feb,FALSE,Wed,TRUE,Cloudy,72,1454,1526
33,2011-02-03,2011,Feb,FALSE,Thur,TRUE,Sunny,61,1489,1550
34,2011-02-04,2011,Feb,FALSE,Fri,TRUE,Cloudy,88,1620,1708
35,2011-02-05,2011,Feb,FALSE,Sat,FALSE,Cloudy,100,905,1005
36,2011-02-06,2011,Feb,FALSE,Sun,FALSE,Sunny,354,1269,1623
37,2011-02-07,2011,Feb,FALSE,Mon,TRUE,Sunny,120,1592,1712
38,2011-02-08,2011,Feb,FALSE,Tues,TRUE,Sunny,64,1466,1530
39,2011-02-09,2011,Feb,FALSE,Wed,TRUE,Cloudy,53,1552,1605
40,2011-02-10,2011,Feb,FALSE,Thur,TRUE,Sunny,47,1491,1538
41,2011-02-11,2011,Feb,FALSE,Fri,TRUE,Sunny,149,1597,1746
42,2011-02-12,2011,Feb,FALSE,Sat,FALSE,Sunny,288,1184,1472
43,2011-02-13,2011,Feb,FALSE,Sun,FALSE,Sunny,397,1192,1589
44,2011-02-14,2011,Feb,FALSE,Mon,TRUE,Sunny,208,1705,1913
45,2011-02-15,2011,Feb,FALSE,Tues,TRUE,Sunny,140,1675,1815
46,2011-02-16,2011,Feb,FALSE,Wed,TRUE,Sunny,218,1897,2115
47,2011-02-17,2011,Feb,FALSE,Thur,TRUE,Sunny,259,2216,2475
48,2011-02-18,2011,Feb,FALSE,Fri,TRUE,Sunny,579,2348,2927
49,2011-02-19,2011,Feb,FALSE,Sat,FALSE,Sunny,532,1103,1635
50,2011-02-20,2011,Feb,FALSE,Sun,FALSE,Sunny,639,1173,1812
51,2011-02-21,2011,Feb,TRUE,Mon,FALSE,Cloudy,195,912,1107
52,2011-02-22,2011,Feb,FALSE,Tues,TRUE,Sunny,74,1376,1450
53,2011-02-23,2011,Feb,FALSE,Wed,TRUE,Sunny,139,1778,1917
54,2011-02-24,2011,Feb,FALSE,Thur,TRUE,Cloudy,100,1707,1807
55,2011-02-25,2011,Feb,FALSE,Fri,TRUE,Cloudy,120,1341,1461
56,2011-02-26,2011,Feb,FALSE,Sat,FALSE,Sunny,424,1545,1969
57,2011-02-27,2011,Feb,FALSE,Sun,FALSE,Sunny,694,1708,2402
58,2011-02-28,2011,Feb,FALSE,Mon,TRUE,Cloudy,81,1365,1446
59,2011-03-01,2011,March,FALSE,Tues,TRUE,Sunny,137,1714,1851
60,2011-03-02,2011,March,FALSE,Wed,TRUE,Sunny,231,1903,2134
61,2011-03-03,2011,March,FALSE,Thur,TRUE,Sunny,123,1562,1685
62,2011-03-04,2011,March,FALSE,Fri,TRUE,Cloudy,214,1730,1944
63,2011-03-05,2011,March,FALSE,Sat,FALSE,Cloudy,640,1437,2077
64,2011-03-06,2011,March,FALSE,Sun,FALSE,Cloudy,114,491,605
65,2011-03-07,2011,March,FALSE,Mon,TRUE,Sunny,244,1628,1872
66,2011-03-08,2011,March,FALSE,Tues,TRUE,Sunny,316,1817,2133
67,2011-03-09,2011,March,FALSE,Wed,TRUE,Cloudy,191,1700,1891
68,2011-03-10,2011,March,FALSE,Thur,TRUE,Rain/Snow,46,577,623
69,2011-03-11,2011,March,FALSE,Fri,TRUE,Cloudy,247,1730,1977
70,2011-03-12,2011,March,FALSE,Sat,FALSE,Sunny,724,1408,2132
71,2011-03-13,2011,March,FALSE,Sun,FALSE,Sunny,982,1435,2417
72,2011-03-14,2011,March,FALSE,Mon,TRUE,Sunny,359,1687,2046
73,2011-03-15,2011,March,FALSE,Tues,TRUE,Cloudy,289,1767,2056
74,2011-03-16,2011,March,FALSE,Wed,TRUE,Cloudy,321,1871,2192
75,2011-03-17,2011,March,FALSE,Thur,TRUE,Sunny,424,2320,2744
76,2011-03-18,2011,March,FALSE,Fri,TRUE,Sunny,884,2355,3239
77,2011-03-19,2011,March,FALSE,Sat,FALSE,Sunny,1424,1693,3117
78,2011-03-20,2011,March,FALSE,Sun,FALSE,Sunny,1047,1424,2471
79,2011-03-21,2011,March,FALSE,Mon,TRUE,Cloudy,401,1676,2077
80,2011-03-22,2011,March,FALSE,Tues,TRUE,Sunny,460,2243,2703
81,2011-03-23,2011,March,FALSE,Wed,TRUE,Cloudy,203,1918,2121
82,2011-03-24,2011,March,FALSE,Thur,TRUE,Cloudy,166,1699,1865
83,2011-03-25,2011,March,FALSE,Fri,TRUE,Sunny,300,1910,2210
84,2011-03-26,2011,March,FALSE,Sat,FALSE,Sunny,981,1515,2496
85,2011-03-27,2011,March,FALSE,Sun,FALSE,Cloudy,472,1221,1693
86,2011-03-28,2011,March,FALSE,Mon,TRUE,Sunny,222,1806,2028
87,2011-03-29,2011,March,FALSE,Tues,TRUE,Sunny,317,2108,2425
88,2011-03-30,2011,March,FALSE,Wed,TRUE,Cloudy,168,1368,1536
89,2011-03-31,2011,March,FALSE,Thur,TRUE,Rain/Snow,179,1506,1685
90,2011-04-01,2011,April,FALSE,Fri,TRUE,Cloudy,307,1920,2227
91,2011-04-02,2011,April,FALSE,Sat,FALSE,Cloudy,898,1354,2252
92,2011-04-03,2011,April,FALSE,Sun,FALSE,Sunny,1651,1598,3249
93,2011-04-04,2011,April,FALSE,Mon,TRUE,Sunny,734,2381,3115
94,2011-04-05,2011,April,FALSE,Tues,TRUE,Cloudy,167,1628,1795
95,2011-04-06,2011,April,FALSE,Wed,TRUE,Sunny,413,2395,2808
96,2011-04-07,2011,April,FALSE,Thur,TRUE,Sunny,571,2570,3141
97,2011-04-08,2011,April,FALSE,Fri,TRUE,Cloudy,172,1299,1471
98,2011-04-09,2011,April,FALSE,Sat,FALSE,Cloudy,879,1576,2455
99,2011-04-10,2011,April,FALSE,Sun,FALSE,Cloudy,1188,1707,2895
100,2011-04-11,2011,April,FALSE,Mon,TRUE,Cloudy,855,2493,3348
101,2011-04-12,2011,April,FALSE,Tues,TRUE,Cloudy,257,1777,2034
102,2011-04-13,2011,April,FALSE,Wed,TRUE,Cloudy,209,1953,2162
103,2011-04-14,2011,April,FALSE,Thur,TRUE,Sunny,529,2738,3267
104,2011-04-15,2011,April,TRUE,Fri,FALSE,Sunny,642,2484,3126
105,2011-04-16,2011,April,FALSE,Sat,FALSE,Rain/Snow,121,674,795
106,2011-04-17,2011,April,FALSE,Sun,FALSE,Sunny,1558,2186,3744
107,2011-04-18,2011,April,FALSE,Mon,TRUE,Sunny,669,2760,3429
108,2011-04-19,2011,April,FALSE,Tues,TRUE,Cloudy,409,2795,3204
109,2011-04-20,2011,April,FALSE,Wed,TRUE,Sunny,613,3331,3944
110,2011-04-21,2011,April,FALSE,Thur,TRUE,Sunny,745,3444,4189
111,2011-04-22,2011,April,FALSE,Fri,TRUE,Cloudy,177,1506,1683
112,2011-04-23,2011,April,FALSE,Sat,FALSE,Cloudy,1462,2574,4036
113,2011-04-24,2011,April,FALSE,Sun,FALSE,Cloudy,1710,2481,4191
114,2011-04-25,2011,April,FALSE,Mon,TRUE,Sunny,773,3300,4073
115,2011-04-26,2011,April,FALSE,Tues,TRUE,Sunny,678,3722,4400
116,2011-04-27,2011,April,FALSE,Wed,TRUE,Cloudy,547,3325,3872
117,2011-04-28,2011,April,FALSE,Thur,TRUE,Cloudy,569,3489,4058
118,2011-04-29,2011,April,FALSE,Fri,TRUE,Sunny,878,3717,4595
119,2011-04-30,2011,April,FALSE,Sat,FALSE,Sunny,1965,3347,5312
120,2011-05-01,2011,May,FALSE,Sun,FALSE,Cloudy,1138,2213,3351
121,2011-05-02,2011,May,FALSE,Mon,TRUE,Cloudy,847,3554,4401
122,2011-05-03,2011,May,FALSE,Tues,TRUE,Cloudy,603,3848,4451
123,2011-05-04,2011,May,FALSE,Wed,TRUE,Cloudy,255,2378,2633
124,2011-05-05,2011,May,FALSE,Thur,TRUE,Sunny,614,3819,4433
125,2011-05-06,2011,May,FALSE,Fri,TRUE,Sunny,894,3714,4608
126,2011-05-07,2011,May,FALSE,Sat,FALSE,Sunny,1612,3102,4714
127,2011-05-08,2011,May,FALSE,Sun,FALSE,Sunny,1401,2932,4333
128,2011-05-09,2011,May,FALSE,Mon,TRUE,Sunny,664,3698,4362
129,2011-05-10,2011,May,FALSE,Tues,TRUE,Sunny,694,4109,4803
130,2011-05-11,2011,May,FALSE,Wed,TRUE,Sunny,550,3632,4182
131,2011-05-12,2011,May,FALSE,Thur,TRUE,Sunny,695,4169,4864
132,2011-05-13,2011,May,FALSE,Fri,TRUE,Cloudy,692,3413,4105
133,2011-05-14,2011,May,FALSE,Sat,FALSE,Cloudy,902,2507,3409
134,2011-05-15,2011,May,FALSE,Sun,FALSE,Cloudy,1582,2971,4553
135,2011-05-16,2011,May,FALSE,Mon,TRUE,Sunny,773,3185,3958
136,2011-05-17,2011,May,FALSE,Tues,TRUE,Cloudy,678,3445,4123
137,2011-05-18,2011,May,FALSE,Wed,TRUE,Cloudy,536,3319,3855
138,2011-05-19,2011,May,FALSE,Thur,TRUE,Cloudy,735,3840,4575
139,2011-05-20,2011,May,FALSE,Fri,TRUE,Sunny,909,4008,4917
140,2011-05-21,2011,May,FALSE,Sat,FALSE,Sunny,2258,3547,5805
141,2011-05-22,2011,May,FALSE,Sun,FALSE,Sunny,1576,3084,4660
142,2011-05-23,2011,May,FALSE,Mon,TRUE,Cloudy,836,3438,4274
143,2011-05-24,2011,May,FALSE,Tues,TRUE,Cloudy,659,3833,4492
144,2011-05-25,2011,May,FALSE,Wed,TRUE,Sunny,740,4238,4978
145,2011-05-26,2011,May,FALSE,Thur,TRUE,Sunny,758,3919,4677
146,2011-05-27,2011,May,FALSE,Fri,TRUE,Sunny,871,3808,4679
147,2011-05-28,2011,May,FALSE,Sat,FALSE,Sunny,2001,2757,4758
148,2011-05-29,2011,May,FALSE,Sun,FALSE,Sunny,2355,2433,4788
149,2011-05-30,2011,May,TRUE,Mon,FALSE,Sunny,1549,2549,4098
150,2011-05-31,2011,May,FALSE,Tues,TRUE,Sunny,673,3309,3982
151,2011-06-01,2011,June,FALSE,Wed,TRUE,Cloudy,513,3461,3974
152,2011-06-02,2011,June,FALSE,Thur,TRUE,Sunny,736,4232,4968
153,2011-06-03,2011,June,FALSE,Fri,TRUE,Sunny,898,4414,5312
154,2011-06-04,2011,June,FALSE,Sat,FALSE,Sunny,1869,3473,5342
155,2011-06-05,2011,June,FALSE,Sun,FALSE,Cloudy,1685,3221,4906
156,2011-06-06,2011,June,FALSE,Mon,TRUE,Sunny,673,3875,4548
157,2011-06-07,2011,June,FALSE,Tues,TRUE,Sunny,763,4070,4833
158,2011-06-08,2011,June,FALSE,Wed,TRUE,Sunny,676,3725,4401
159,2011-06-09,2011,June,FALSE,Thur,TRUE,Cloudy,563,3352,3915
160,2011-06-10,2011,June,FALSE,Fri,TRUE,Sunny,815,3771,4586
161,2011-06-11,2011,June,FALSE,Sat,FALSE,Sunny,1729,3237,4966
162,2011-06-12,2011,June,FALSE,Sun,FALSE,Sunny,1467,2993,4460
163,2011-06-13,2011,June,FALSE,Mon,TRUE,Sunny,863,4157,5020
164,2011-06-14,2011,June,FALSE,Tues,TRUE,Sunny,727,4164,4891
165,2011-06-15,2011,June,FALSE,Wed,TRUE,Sunny,769,4411,5180
166,2011-06-16,2011,June,FALSE,Thur,TRUE,Cloudy,545,3222,3767
167,2011-06-17,2011,June,FALSE,Fri,TRUE,Sunny,863,3981,4844
168,2011-06-18,2011,June,FALSE,Sat,FALSE,Sunny,1807,3312,5119
169,2011-06-19,2011,June,FALSE,Sun,FALSE,Cloudy,1639,3105,4744
170,2011-06-20,2011,June,FALSE,Mon,TRUE,Cloudy,699,3311,4010
171,2011-06-21,2011,June,FALSE,Tues,TRUE,Cloudy,774,4061,4835
172,2011-06-22,2011,June,FALSE,Wed,TRUE,Sunny,661,3846,4507
173,2011-06-23,2011,June,FALSE,Thur,TRUE,Cloudy,746,4044,4790
174,2011-06-24,2011,June,FALSE,Fri,TRUE,Sunny,969,4022,4991
175,2011-06-25,2011,June,FALSE,Sat,FALSE,Sunny,1782,3420,5202
176,2011-06-26,2011,June,FALSE,Sun,FALSE,Sunny,1920,3385,5305
177,2011-06-27,2011,June,FALSE,Mon,TRUE,Cloudy,854,3854,4708
178,2011-06-28,2011,June,FALSE,Tues,TRUE,Sunny,732,3916,4648
179,2011-06-29,2011,June,FALSE,Wed,TRUE,Sunny,848,4377,5225
180,2011-06-30,2011,June,FALSE,Thur,TRUE,Sunny,1027,4488,5515
181,2011-07-01,2011,July,FALSE,Fri,TRUE,Sunny,1246,4116,5362
182,2011-07-02,2011,July,FALSE,Sat,FALSE,Sunny,2204,2915,5119
183,2011-07-03,2011,July,FALSE,Sun,FALSE,Cloudy,2282,2367,4649
184,2011-07-04,2011,July,TRUE,Mon,FALSE,Cloudy,3065,2978,6043
185,2011-07-05,2011,July,FALSE,Tues,TRUE,Sunny,1031,3634,4665
186,2011-07-06,2011,July,FALSE,Wed,TRUE,Sunny,784,3845,4629
187,2011-07-07,2011,July,FALSE,Thur,TRUE,Sunny,754,3838,4592
188,2011-07-08,2011,July,FALSE,Fri,TRUE,Cloudy,692,3348,4040
189,2011-07-09,2011,July,FALSE,Sat,FALSE,Sunny,1988,3348,5336
190,2011-07-10,2011,July,FALSE,Sun,FALSE,Sunny,1743,3138,4881
191,2011-07-11,2011,July,FALSE,Mon,TRUE,Sunny,723,3363,4086
192,2011-07-12,2011,July,FALSE,Tues,TRUE,Sunny,662,3596,4258
193,2011-07-13,2011,July,FALSE,Wed,TRUE,Sunny,748,3594,4342
194,2011-07-14,2011,July,FALSE,Thur,TRUE,Sunny,888,4196,5084
195,2011-07-15,2011,July,FALSE,Fri,TRUE,Sunny,1318,4220,5538
196,2011-07-16,2011,July,FALSE,Sat,FALSE,Sunny,2418,3505,5923
197,2011-07-17,2011,July,FALSE,Sun,FALSE,Sunny,2006,3296,5302
198,2011-07-18,2011,July,FALSE,Mon,TRUE,Sunny,841,3617,4458
199,2011-07-19,2011,July,FALSE,Tues,TRUE,Sunny,752,3789,4541
200,2011-07-20,2011,July,FALSE,Wed,TRUE,Sunny,644,3688,4332
201,2011-07-21,2011,July,FALSE,Thur,TRUE,Cloudy,632,3152,3784
202,2011-07-22,2011,July,FALSE,Fri,TRUE,Sunny,562,2825,3387
203,2011-07-23,2011,July,FALSE,Sat,FALSE,Sunny,987,2298,3285
204,2011-07-24,2011,July,FALSE,Sun,FALSE,Sunny,1050,2556,3606
205,2011-07-25,2011,July,FALSE,Mon,TRUE,Sunny,568,3272,3840
206,2011-07-26,2011,July,FALSE,Tues,TRUE,Sunny,750,3840,4590
207,2011-07-27,2011,July,FALSE,Wed,TRUE,Sunny,755,3901,4656
208,2011-07-28,2011,July,FALSE,Thur,TRUE,Sunny,606,3784,4390
209,2011-07-29,2011,July,FALSE,Fri,TRUE,Sunny,670,3176,3846
210,2011-07-30,2011,July,FALSE,Sat,FALSE,Sunny,1559,2916,4475
211,2011-07-31,2011,July,FALSE,Sun,FALSE,Sunny,1524,2778,4302
212,2011-08-01,2011,Aug,FALSE,Mon,TRUE,Sunny,729,3537,4266
213,2011-08-02,2011,Aug,FALSE,Tues,TRUE,Sunny,801,4044,4845
214,2011-08-03,2011,Aug,FALSE,Wed,TRUE,Cloudy,467,3107,3574
215,2011-08-04,2011,Aug,FALSE,Thur,TRUE,Cloudy,799,3777,4576
216,2011-08-05,2011,Aug,FALSE,Fri,TRUE,Sunny,1023,3843,4866
217,2011-08-06,2011,Aug,FALSE,Sat,FALSE,Cloudy,1521,2773,4294
218,2011-08-07,2011,Aug,FALSE,Sun,FALSE,Sunny,1298,2487,3785
219,2011-08-08,2011,Aug,FALSE,Mon,TRUE,Sunny,846,3480,4326
220,2011-08-09,2011,Aug,FALSE,Tues,TRUE,Sunny,907,3695,4602
221,2011-08-10,2011,Aug,FALSE,Wed,TRUE,Sunny,884,3896,4780
222,2011-08-11,2011,Aug,FALSE,Thur,TRUE,Sunny,812,3980,4792
223,2011-08-12,2011,Aug,FALSE,Fri,TRUE,Sunny,1051,3854,4905
224,2011-08-13,2011,Aug,FALSE,Sat,FALSE,Cloudy,1504,2646,4150
225,2011-08-14,2011,Aug,FALSE,Sun,FALSE,Cloudy,1338,2482,3820
226,2011-08-15,2011,Aug,FALSE,Mon,TRUE,Sunny,775,3563,4338
227,2011-08-16,2011,Aug,FALSE,Tues,TRUE,Sunny,721,4004,4725
228,2011-08-17,2011,Aug,FALSE,Wed,TRUE,Sunny,668,4026,4694
229,2011-08-18,2011,Aug,FALSE,Thur,TRUE,Sunny,639,3166,3805
230,2011-08-19,2011,Aug,FALSE,Fri,TRUE,Cloudy,797,3356,4153
231,2011-08-20,2011,Aug,FALSE,Sat,FALSE,Sunny,1914,3277,5191
232,2011-08-21,2011,Aug,FALSE,Sun,FALSE,Sunny,1249,2624,3873
233,2011-08-22,2011,Aug,FALSE,Mon,TRUE,Sunny,833,3925,4758
234,2011-08-23,2011,Aug,FALSE,Tues,TRUE,Sunny,1281,4614,5895
235,2011-08-24,2011,Aug,FALSE,Wed,TRUE,Sunny,949,4181,5130
236,2011-08-25,2011,Aug,FALSE,Thur,TRUE,Cloudy,435,3107,3542
237,2011-08-26,2011,Aug,FALSE,Fri,TRUE,Sunny,768,3893,4661
238,2011-08-27,2011,Aug,FALSE,Sat,FALSE,Cloudy,226,889,1115
239,2011-08-28,2011,Aug,FALSE,Sun,FALSE,Sunny,1415,2919,4334
240,2011-08-29,2011,Aug,FALSE,Mon,TRUE,Sunny,729,3905,4634
241,2011-08-30,2011,Aug,FALSE,Tues,TRUE,Sunny,775,4429,5204
242,2011-08-31,2011,Aug,FALSE,Wed,TRUE,Sunny,688,4370,5058
243,2011-09-01,2011,Sept,FALSE,Thur,TRUE,Sunny,783,4332,5115
244,2011-09-02,2011,Sept,FALSE,Fri,TRUE,Cloudy,875,3852,4727
245,2011-09-03,2011,Sept,FALSE,Sat,FALSE,Sunny,1935,2549,4484
246,2011-09-04,2011,Sept,FALSE,Sun,FALSE,Sunny,2521,2419,4940
247,2011-09-05,2011,Sept,TRUE,Mon,FALSE,Cloudy,1236,2115,3351
248,2011-09-06,2011,Sept,FALSE,Tues,TRUE,Rain/Snow,204,2506,2710
249,2011-09-07,2011,Sept,FALSE,Wed,TRUE,Rain/Snow,118,1878,1996
250,2011-09-08,2011,Sept,FALSE,Thur,TRUE,Rain/Snow,153,1689,1842
251,2011-09-09,2011,Sept,FALSE,Fri,TRUE,Cloudy,417,3127,3544
252,2011-09-10,2011,Sept,FALSE,Sat,FALSE,Sunny,1750,3595,5345
253,2011-09-11,2011,Sept,FALSE,Sun,FALSE,Sunny,1633,3413,5046
254,2011-09-12,2011,Sept,FALSE,Mon,TRUE,Sunny,690,4023,4713
255,2011-09-13,2011,Sept,FALSE,Tues,TRUE,Sunny,701,4062,4763
256,2011-09-14,2011,Sept,FALSE,Wed,TRUE,Sunny,647,4138,4785
257,2011-09-15,2011,Sept,FALSE,Thur,TRUE,Cloudy,428,3231,3659
258,2011-09-16,2011,Sept,FALSE,Fri,TRUE,Cloudy,742,4018,4760
259,2011-09-17,2011,Sept,FALSE,Sat,FALSE,Cloudy,1434,3077,4511
260,2011-09-18,2011,Sept,FALSE,Sun,FALSE,Sunny,1353,2921,4274
261,2011-09-19,2011,Sept,FALSE,Mon,TRUE,Cloudy,691,3848,4539
262,2011-09-20,2011,Sept,FALSE,Tues,TRUE,Cloudy,438,3203,3641
263,2011-09-21,2011,Sept,FALSE,Wed,TRUE,Cloudy,539,3813,4352
264,2011-09-22,2011,Sept,FALSE,Thur,TRUE,Cloudy,555,4240,4795
265,2011-09-23,2011,Sept,FALSE,Fri,TRUE,Cloudy,258,2137,2395
266,2011-09-24,2011,Sept,FALSE,Sat,FALSE,Cloudy,1776,3647,5423
267,2011-09-25,2011,Sept,FALSE,Sun,FALSE,Cloudy,1544,3466,5010
268,2011-09-26,2011,Sept,FALSE,Mon,TRUE,Cloudy,684,3946,4630
269,2011-09-27,2011,Sept,FALSE,Tues,TRUE,Cloudy,477,3643,4120
270,2011-09-28,2011,Sept,FALSE,Wed,TRUE,Cloudy,480,3427,3907
271,2011-09-29,2011,Sept,FALSE,Thur,TRUE,Sunny,653,4186,4839
272,2011-09-30,2011,Sept,FALSE,Fri,TRUE,Sunny,830,4372,5202
273,2011-10-01,2011,Oct,FALSE,Sat,FALSE,Cloudy,480,1949,2429
274,2011-10-02,2011,Oct,FALSE,Sun,FALSE,Cloudy,616,2302,2918
275,2011-10-03,2011,Oct,FALSE,Mon,TRUE,Cloudy,330,3240,3570
276,2011-10-04,2011,Oct,FALSE,Tues,TRUE,Sunny,486,3970,4456
277,2011-10-05,2011,Oct,FALSE,Wed,TRUE,Sunny,559,4267,4826
278,2011-10-06,2011,Oct,FALSE,Thur,TRUE,Sunny,639,4126,4765
279,2011-10-07,2011,Oct,FALSE,Fri,TRUE,Sunny,949,4036,4985
280,2011-10-08,2011,Oct,FALSE,Sat,FALSE,Sunny,2235,3174,5409
281,2011-10-09,2011,Oct,FALSE,Sun,FALSE,Sunny,2397,3114,5511
282,2011-10-10,2011,Oct,TRUE,Mon,FALSE,Sunny,1514,3603,5117
283,2011-10-11,2011,Oct,FALSE,Tues,TRUE,Cloudy,667,3896,4563
284,2011-10-12,2011,Oct,FALSE,Wed,TRUE,Rain/Snow,217,2199,2416
285,2011-10-13,2011,Oct,FALSE,Thur,TRUE,Cloudy,290,2623,2913
286,2011-10-14,2011,Oct,FALSE,Fri,TRUE,Cloudy,529,3115,3644
287,2011-10-15,2011,Oct,FALSE,Sat,FALSE,Sunny,1899,3318,5217
288,2011-10-16,2011,Oct,FALSE,Sun,FALSE,Sunny,1748,3293,5041
289,2011-10-17,2011,Oct,FALSE,Mon,TRUE,Sunny,713,3857,4570
290,2011-10-18,2011,Oct,FALSE,Tues,TRUE,Cloudy,637,4111,4748
291,2011-10-19,2011,Oct,FALSE,Wed,TRUE,Rain/Snow,254,2170,2424
292,2011-10-20,2011,Oct,FALSE,Thur,TRUE,Sunny,471,3724,4195
293,2011-10-21,2011,Oct,FALSE,Fri,TRUE,Sunny,676,3628,4304
294,2011-10-22,2011,Oct,FALSE,Sat,FALSE,Sunny,1499,2809,4308
295,2011-10-23,2011,Oct,FALSE,Sun,FALSE,Sunny,1619,2762,4381
296,2011-10-24,2011,Oct,FALSE,Mon,TRUE,Sunny,699,3488,4187
297,2011-10-25,2011,Oct,FALSE,Tues,TRUE,Sunny,695,3992,4687
298,2011-10-26,2011,Oct,FALSE,Wed,TRUE,Cloudy,404,3490,3894
299,2011-10-27,2011,Oct,FALSE,Thur,TRUE,Cloudy,240,2419,2659
300,2011-10-28,2011,Oct,FALSE,Fri,TRUE,Cloudy,456,3291,3747
301,2011-10-29,2011,Oct,FALSE,Sat,FALSE,Rain/Snow,57,570,627
302,2011-10-30,2011,Oct,FALSE,Sun,FALSE,Sunny,885,2446,3331
303,2011-10-31,2011,Oct,FALSE,Mon,TRUE,Sunny,362,3307,3669
304,2011-11-01,2011,Nov,FALSE,Tues,TRUE,Sunny,410,3658,4068
305,2011-11-02,2011,Nov,FALSE,Wed,TRUE,Sunny,370,3816,4186
306,2011-11-03,2011,Nov,FALSE,Thur,TRUE,Sunny,318,3656,3974
307,2011-11-04,2011,Nov,FALSE,Fri,TRUE,Cloudy,470,3576,4046
308,2011-11-05,2011,Nov,FALSE,Sat,FALSE,Sunny,1156,2770,3926
309,2011-11-06,2011,Nov,FALSE,Sun,FALSE,Sunny,952,2697,3649
310,2011-11-07,2011,Nov,FALSE,Mon,TRUE,Sunny,373,3662,4035
311,2011-11-08,2011,Nov,FALSE,Tues,TRUE,Sunny,376,3829,4205
312,2011-11-09,2011,Nov,FALSE,Wed,TRUE,Sunny,305,3804,4109
313,2011-11-10,2011,Nov,FALSE,Thur,TRUE,Cloudy,190,2743,2933
314,2011-11-11,2011,Nov,TRUE,Fri,FALSE,Sunny,440,2928,3368
315,2011-11-12,2011,Nov,FALSE,Sat,FALSE,Sunny,1275,2792,4067
316,2011-11-13,2011,Nov,FALSE,Sun,FALSE,Sunny,1004,2713,3717
317,2011-11-14,2011,Nov,FALSE,Mon,TRUE,Sunny,595,3891,4486
318,2011-11-15,2011,Nov,FALSE,Tues,TRUE,Cloudy,449,3746,4195
319,2011-11-16,2011,Nov,FALSE,Wed,TRUE,Rain/Snow,145,1672,1817
320,2011-11-17,2011,Nov,FALSE,Thur,TRUE,Cloudy,139,2914,3053
321,2011-11-18,2011,Nov,FALSE,Fri,TRUE,Sunny,245,3147,3392
322,2011-11-19,2011,Nov,FALSE,Sat,FALSE,Sunny,943,2720,3663
323,2011-11-20,2011,Nov,FALSE,Sun,FALSE,Cloudy,787,2733,3520
324,2011-11-21,2011,Nov,FALSE,Mon,TRUE,Rain/Snow,220,2545,2765
325,2011-11-22,2011,Nov,FALSE,Tues,TRUE,Rain/Snow,69,1538,1607
326,2011-11-23,2011,Nov,FALSE,Wed,TRUE,Cloudy,112,2454,2566
327,2011-11-24,2011,Nov,TRUE,Thur,FALSE,Sunny,560,935,1495
328,2011-11-25,2011,Nov,FALSE,Fri,TRUE,Sunny,1095,1697,2792
329,2011-11-26,2011,Nov,FALSE,Sat,FALSE,Sunny,1249,1819,3068
330,2011-11-27,2011,Nov,FALSE,Sun,FALSE,Sunny,810,2261,3071
331,2011-11-28,2011,Nov,FALSE,Mon,TRUE,Sunny,253,3614,3867
332,2011-11-29,2011,Nov,FALSE,Tues,TRUE,Cloudy,96,2818,2914
333,2011-11-30,2011,Nov,FALSE,Wed,TRUE,Sunny,188,3425,3613
334,2011-12-01,2011,Dec,FALSE,Thur,TRUE,Sunny,182,3545,3727
335,2011-12-02,2011,Dec,FALSE,Fri,TRUE,Sunny,268,3672,3940
336,2011-12-03,2011,Dec,FALSE,Sat,FALSE,Sunny,706,2908,3614
337,2011-12-04,2011,Dec,FALSE,Sun,FALSE,Sunny,634,2851,3485
338,2011-12-05,2011,Dec,FALSE,Mon,TRUE,Cloudy,233,3578,3811
339,2011-12-06,2011,Dec,FALSE,Tues,TRUE,Rain/Snow,126,2468,2594
340,2011-12-07,2011,Dec,FALSE,Wed,TRUE,Rain/Snow,50,655,705
341,2011-12-08,2011,Dec,FALSE,Thur,TRUE,Sunny,150,3172,3322
342,2011-12-09,2011,Dec,FALSE,Fri,TRUE,Sunny,261,3359,3620
343,2011-12-10,2011,Dec,FALSE,Sat,FALSE,Sunny,502,2688,3190
344,2011-12-11,2011,Dec,FALSE,Sun,FALSE,Sunny,377,2366,2743
345,2011-12-12,2011,Dec,FALSE,Mon,TRUE,Sunny,143,3167,3310
346,2011-12-13,2011,Dec,FALSE,Tues,TRUE,Sunny,155,3368,3523
347,2011-12-14,2011,Dec,FALSE,Wed,TRUE,Cloudy,178,3562,3740
348,2011-12-15,2011,Dec,FALSE,Thur,TRUE,Cloudy,181,3528,3709
349,2011-12-16,2011,Dec,FALSE,Fri,TRUE,Cloudy,178,3399,3577
350,2011-12-17,2011,Dec,FALSE,Sat,FALSE,Cloudy,275,2464,2739
351,2011-12-18,2011,Dec,FALSE,Sun,FALSE,Sunny,220,2211,2431
352,2011-12-19,2011,Dec,FALSE,Mon,TRUE,Sunny,260,3143,3403
353,2011-12-20,2011,Dec,FALSE,Tues,TRUE,Cloudy,216,3534,3750
354,2011-12-21,2011,Dec,FALSE,Wed,TRUE,Cloudy,107,2553,2660
355,2011-12-22,2011,Dec,FALSE,Thur,TRUE,Cloudy,227,2841,3068
356,2011-12-23,2011,Dec,FALSE,Fri,TRUE,Sunny,163,2046,2209
357,2011-12-24,2011,Dec,FALSE,Sat,FALSE,Sunny,155,856,1011
358,2011-12-25,2011,Dec,FALSE,Sun,FALSE,Sunny,303,451,754
359,2011-12-26,2011,Dec,TRUE,Mon,FALSE,Sunny,430,887,1317
360,2011-12-27,2011,Dec,FALSE,Tues,TRUE,Cloudy,103,1059,1162
361,2011-12-28,2011,Dec,FALSE,Wed,TRUE,Sunny,255,2047,2302
362,2011-12-29,2011,Dec,FALSE,Thur,TRUE,Sunny,254,2169,2423
363,2011-12-30,2011,Dec,FALSE,Fri,TRUE,Sunny,491,2508,2999
364,2011-12-31,2011,Dec,FALSE,Sat,FALSE,Sunny,665,1820,2485
365,2012-01-01,2012,Jan,FALSE,Sun,FALSE,Sunny,686,1608,2294
366,2012-01-02,2012,Jan,TRUE,Mon,FALSE,Sunny,244,1707,1951
367,2012-01-03,2012,Jan,FALSE,Tues,TRUE,Sunny,89,2147,2236
368,2012-01-04,2012,Jan,FALSE,Wed,TRUE,Cloudy,95,2273,2368
369,2012-01-05,2012,Jan,FALSE,Thur,TRUE,Sunny,140,3132,3272
370,2012-01-06,2012,Jan,FALSE,Fri,TRUE,Sunny,307,3791,4098
371,2012-01-07,2012,Jan,FALSE,Sat,FALSE,Sunny,1070,3451,4521
372,2012-01-08,2012,Jan,FALSE,Sun,FALSE,Sunny,599,2826,3425
373,2012-01-09,2012,Jan,FALSE,Mon,TRUE,Cloudy,106,2270,2376
374,2012-01-10,2012,Jan,FALSE,Tues,TRUE,Sunny,173,3425,3598
375,2012-01-11,2012,Jan,FALSE,Wed,TRUE,Cloudy,92,2085,2177
376,2012-01-12,2012,Jan,FALSE,Thur,TRUE,Cloudy,269,3828,4097
377,2012-01-13,2012,Jan,FALSE,Fri,TRUE,Sunny,174,3040,3214
378,2012-01-14,2012,Jan,FALSE,Sat,FALSE,Sunny,333,2160,2493
379,2012-01-15,2012,Jan,FALSE,Sun,FALSE,Sunny,284,2027,2311
380,2012-01-16,2012,Jan,TRUE,Mon,FALSE,Sunny,217,2081,2298
381,2012-01-17,2012,Jan,FALSE,Tues,TRUE,Cloudy,127,2808,2935
382,2012-01-18,2012,Jan,FALSE,Wed,TRUE,Sunny,109,3267,3376
383,2012-01-19,2012,Jan,FALSE,Thur,TRUE,Sunny,130,3162,3292
384,2012-01-20,2012,Jan,FALSE,Fri,TRUE,Cloudy,115,3048,3163
385,2012-01-21,2012,Jan,FALSE,Sat,FALSE,Cloudy,67,1234,1301
386,2012-01-22,2012,Jan,FALSE,Sun,FALSE,Cloudy,196,1781,1977
387,2012-01-23,2012,Jan,FALSE,Mon,TRUE,Cloudy,145,2287,2432
388,2012-01-24,2012,Jan,FALSE,Tues,TRUE,Sunny,439,3900,4339
389,2012-01-25,2012,Jan,FALSE,Wed,TRUE,Sunny,467,3803,4270
390,2012-01-26,2012,Jan,FALSE,Thur,TRUE,Cloudy,244,3831,4075
391,2012-01-27,2012,Jan,FALSE,Fri,TRUE,Cloudy,269,3187,3456
392,2012-01-28,2012,Jan,FALSE,Sat,FALSE,Sunny,775,3248,4023
393,2012-01-29,2012,Jan,FALSE,Sun,FALSE,Sunny,558,2685,3243
394,2012-01-30,2012,Jan,FALSE,Mon,TRUE,Sunny,126,3498,3624
395,2012-01-31,2012,Jan,FALSE,Tues,TRUE,Sunny,324,4185,4509
396,2012-02-01,2012,Feb,FALSE,Wed,TRUE,Sunny,304,4275,4579
397,2012-02-02,2012,Feb,FALSE,Thur,TRUE,Cloudy,190,3571,3761
398,2012-02-03,2012,Feb,FALSE,Fri,TRUE,Sunny,310,3841,4151
399,2012-02-04,2012,Feb,FALSE,Sat,FALSE,Cloudy,384,2448,2832
400,2012-02-05,2012,Feb,FALSE,Sun,FALSE,Cloudy,318,2629,2947
401,2012-02-06,2012,Feb,FALSE,Mon,TRUE,Sunny,206,3578,3784
402,2012-02-07,2012,Feb,FALSE,Tues,TRUE,Sunny,199,4176,4375
403,2012-02-08,2012,Feb,FALSE,Wed,TRUE,Cloudy,109,2693,2802
404,2012-02-09,2012,Feb,FALSE,Thur,TRUE,Sunny,163,3667,3830
405,2012-02-10,2012,Feb,FALSE,Fri,TRUE,Cloudy,227,3604,3831
406,2012-02-11,2012,Feb,FALSE,Sat,FALSE,Rain/Snow,192,1977,2169
407,2012-02-12,2012,Feb,FALSE,Sun,FALSE,Sunny,73,1456,1529
408,2012-02-13,2012,Feb,FALSE,Mon,TRUE,Sunny,94,3328,3422
409,2012-02-14,2012,Feb,FALSE,Tues,TRUE,Cloudy,135,3787,3922
410,2012-02-15,2012,Feb,FALSE,Wed,TRUE,Sunny,141,4028,4169
411,2012-02-16,2012,Feb,FALSE,Thur,TRUE,Cloudy,74,2931,3005
412,2012-02-17,2012,Feb,FALSE,Fri,TRUE,Sunny,349,3805,4154
413,2012-02-18,2012,Feb,FALSE,Sat,FALSE,Sunny,1435,2883,4318
414,2012-02-19,2012,Feb,FALSE,Sun,FALSE,Cloudy,618,2071,2689
415,2012-02-20,2012,Feb,TRUE,Mon,FALSE,Sunny,502,2627,3129
416,2012-02-21,2012,Feb,FALSE,Tues,TRUE,Sunny,163,3614,3777
417,2012-02-22,2012,Feb,FALSE,Wed,TRUE,Sunny,394,4379,4773
418,2012-02-23,2012,Feb,FALSE,Thur,TRUE,Sunny,516,4546,5062
419,2012-02-24,2012,Feb,FALSE,Fri,TRUE,Cloudy,246,3241,3487
420,2012-02-25,2012,Feb,FALSE,Sat,FALSE,Sunny,317,2415,2732
421,2012-02-26,2012,Feb,FALSE,Sun,FALSE,Sunny,515,2874,3389
422,2012-02-27,2012,Feb,FALSE,Mon,TRUE,Sunny,253,4069,4322
423,2012-02-28,2012,Feb,FALSE,Tues,TRUE,Sunny,229,4134,4363
424,2012-02-29,2012,Feb,FALSE,Wed,TRUE,Cloudy,65,1769,1834
425,2012-03-01,2012,March,FALSE,Thur,TRUE,Sunny,325,4665,4990
426,2012-03-02,2012,March,FALSE,Fri,TRUE,Cloudy,246,2948,3194
427,2012-03-03,2012,March,FALSE,Sat,FALSE,Cloudy,956,3110,4066
428,2012-03-04,2012,March,FALSE,Sun,FALSE,Sunny,710,2713,3423
429,2012-03-05,2012,March,FALSE,Mon,TRUE,Sunny,203,3130,3333
430,2012-03-06,2012,March,FALSE,Tues,TRUE,Sunny,221,3735,3956
431,2012-03-07,2012,March,FALSE,Wed,TRUE,Sunny,432,4484,4916
432,2012-03-08,2012,March,FALSE,Thur,TRUE,Sunny,486,4896,5382
433,2012-03-09,2012,March,FALSE,Fri,TRUE,Cloudy,447,4122,4569
434,2012-03-10,2012,March,FALSE,Sat,FALSE,Sunny,968,3150,4118
435,2012-03-11,2012,March,FALSE,Sun,FALSE,Sunny,1658,3253,4911
436,2012-03-12,2012,March,FALSE,Mon,TRUE,Sunny,838,4460,5298
437,2012-03-13,2012,March,FALSE,Tues,TRUE,Sunny,762,5085,5847
438,2012-03-14,2012,March,FALSE,Wed,TRUE,Sunny,997,5315,6312
439,2012-03-15,2012,March,FALSE,Thur,TRUE,Sunny,1005,5187,6192
440,2012-03-16,2012,March,FALSE,Fri,TRUE,Cloudy,548,3830,4378
441,2012-03-17,2012,March,FALSE,Sat,FALSE,Cloudy,3155,4681,7836
442,2012-03-18,2012,March,FALSE,Sun,FALSE,Cloudy,2207,3685,5892
443,2012-03-19,2012,March,FALSE,Mon,TRUE,Sunny,982,5171,6153
444,2012-03-20,2012,March,FALSE,Tues,TRUE,Sunny,1051,5042,6093
445,2012-03-21,2012,March,FALSE,Wed,TRUE,Cloudy,1122,5108,6230
446,2012-03-22,2012,March,FALSE,Thur,TRUE,Sunny,1334,5537,6871
447,2012-03-23,2012,March,FALSE,Fri,TRUE,Cloudy,2469,5893,8362
448,2012-03-24,2012,March,FALSE,Sat,FALSE,Cloudy,1033,2339,3372
449,2012-03-25,2012,March,FALSE,Sun,FALSE,Cloudy,1532,3464,4996
450,2012-03-26,2012,March,FALSE,Mon,TRUE,Sunny,795,4763,5558
451,2012-03-27,2012,March,FALSE,Tues,TRUE,Sunny,531,4571,5102
452,2012-03-28,2012,March,FALSE,Wed,TRUE,Sunny,674,5024,5698
453,2012-03-29,2012,March,FALSE,Thur,TRUE,Sunny,834,5299,6133
454,2012-03-30,2012,March,FALSE,Fri,TRUE,Cloudy,796,4663,5459
455,2012-03-31,2012,March,FALSE,Sat,FALSE,Cloudy,2301,3934,6235
456,2012-04-01,2012,April,FALSE,Sun,FALSE,Cloudy,2347,3694,6041
457,2012-04-02,2012,April,FALSE,Mon,TRUE,Sunny,1208,4728,5936
458,2012-04-03,2012,April,FALSE,Tues,TRUE,Sunny,1348,5424,6772
459,2012-04-04,2012,April,FALSE,Wed,TRUE,Sunny,1058,5378,6436
460,2012-04-05,2012,April,FALSE,Thur,TRUE,Sunny,1192,5265,6457
461,2012-04-06,2012,April,FALSE,Fri,TRUE,Sunny,1807,4653,6460
462,2012-04-07,2012,April,FALSE,Sat,FALSE,Sunny,3252,3605,6857
463,2012-04-08,2012,April,FALSE,Sun,FALSE,Sunny,2230,2939,5169
464,2012-04-09,2012,April,FALSE,Mon,TRUE,Sunny,905,4680,5585
465,2012-04-10,2012,April,FALSE,Tues,TRUE,Sunny,819,5099,5918
466,2012-04-11,2012,April,FALSE,Wed,TRUE,Sunny,482,4380,4862
467,2012-04-12,2012,April,FALSE,Thur,TRUE,Sunny,663,4746,5409
468,2012-04-13,2012,April,FALSE,Fri,TRUE,Sunny,1252,5146,6398
469,2012-04-14,2012,April,FALSE,Sat,FALSE,Sunny,2795,4665,7460
470,2012-04-15,2012,April,FALSE,Sun,FALSE,Sunny,2846,4286,7132
471,2012-04-16,2012,April,TRUE,Mon,FALSE,Sunny,1198,5172,6370
472,2012-04-17,2012,April,FALSE,Tues,TRUE,Sunny,989,5702,6691
473,2012-04-18,2012,April,FALSE,Wed,TRUE,Cloudy,347,4020,4367
474,2012-04-19,2012,April,FALSE,Thur,TRUE,Sunny,846,5719,6565
475,2012-04-20,2012,April,FALSE,Fri,TRUE,Sunny,1340,5950,7290
476,2012-04-21,2012,April,FALSE,Sat,FALSE,Sunny,2541,4083,6624
477,2012-04-22,2012,April,FALSE,Sun,FALSE,Rain/Snow,120,907,1027
478,2012-04-23,2012,April,FALSE,Mon,TRUE,Cloudy,195,3019,3214
479,2012-04-24,2012,April,FALSE,Tues,TRUE,Sunny,518,5115,5633
480,2012-04-25,2012,April,FALSE,Wed,TRUE,Sunny,655,5541,6196
481,2012-04-26,2012,April,FALSE,Thur,TRUE,Cloudy,475,4551,5026
482,2012-04-27,2012,April,FALSE,Fri,TRUE,Sunny,1014,5219,6233
483,2012-04-28,2012,April,FALSE,Sat,FALSE,Cloudy,1120,3100,4220
484,2012-04-29,2012,April,FALSE,Sun,FALSE,Sunny,2229,4075,6304
485,2012-04-30,2012,April,FALSE,Mon,TRUE,Cloudy,665,4907,5572
486,2012-05-01,2012,May,FALSE,Tues,TRUE,Cloudy,653,5087,5740
487,2012-05-02,2012,May,FALSE,Wed,TRUE,Sunny,667,5502,6169
488,2012-05-03,2012,May,FALSE,Thur,TRUE,Cloudy,764,5657,6421
489,2012-05-04,2012,May,FALSE,Fri,TRUE,Sunny,1069,5227,6296
490,2012-05-05,2012,May,FALSE,Sat,FALSE,Cloudy,2496,4387,6883
491,2012-05-06,2012,May,FALSE,Sun,FALSE,Cloudy,2135,4224,6359
492,2012-05-07,2012,May,FALSE,Mon,TRUE,Cloudy,1008,5265,6273
493,2012-05-08,2012,May,FALSE,Tues,TRUE,Cloudy,738,4990,5728
494,2012-05-09,2012,May,FALSE,Wed,TRUE,Cloudy,620,4097,4717
495,2012-05-10,2012,May,FALSE,Thur,TRUE,Sunny,1026,5546,6572
496,2012-05-11,2012,May,FALSE,Fri,TRUE,Sunny,1319,5711,7030
497,2012-05-12,2012,May,FALSE,Sat,FALSE,Sunny,2622,4807,7429
498,2012-05-13,2012,May,FALSE,Sun,FALSE,Sunny,2172,3946,6118
499,2012-05-14,2012,May,FALSE,Mon,TRUE,Cloudy,342,2501,2843
500,2012-05-15,2012,May,FALSE,Tues,TRUE,Cloudy,625,4490,5115
501,2012-05-16,2012,May,FALSE,Wed,TRUE,Sunny,991,6433,7424
502,2012-05-17,2012,May,FALSE,Thur,TRUE,Sunny,1242,6142,7384
503,2012-05-18,2012,May,FALSE,Fri,TRUE,Sunny,1521,6118,7639
504,2012-05-19,2012,May,FALSE,Sat,FALSE,Sunny,3410,4884,8294
505,2012-05-20,2012,May,FALSE,Sun,FALSE,Sunny,2704,4425,7129
506,2012-05-21,2012,May,FALSE,Mon,TRUE,Cloudy,630,3729,4359
507,2012-05-22,2012,May,FALSE,Tues,TRUE,Cloudy,819,5254,6073
508,2012-05-23,2012,May,FALSE,Wed,TRUE,Cloudy,766,4494,5260
509,2012-05-24,2012,May,FALSE,Thur,TRUE,Sunny,1059,5711,6770
510,2012-05-25,2012,May,FALSE,Fri,TRUE,Sunny,1417,5317,6734
511,2012-05-26,2012,May,FALSE,Sat,FALSE,Sunny,2855,3681,6536
512,2012-05-27,2012,May,FALSE,Sun,FALSE,Sunny,3283,3308,6591
513,2012-05-28,2012,May,TRUE,Mon,FALSE,Sunny,2557,3486,6043
514,2012-05-29,2012,May,FALSE,Tues,TRUE,Sunny,880,4863,5743
515,2012-05-30,2012,May,FALSE,Wed,TRUE,Cloudy,745,6110,6855
516,2012-05-31,2012,May,FALSE,Thur,TRUE,Sunny,1100,6238,7338
517,2012-06-01,2012,June,FALSE,Fri,TRUE,Cloudy,533,3594,4127
518,2012-06-02,2012,June,FALSE,Sat,FALSE,Sunny,2795,5325,8120
519,2012-06-03,2012,June,FALSE,Sun,FALSE,Sunny,2494,5147,7641
520,2012-06-04,2012,June,FALSE,Mon,TRUE,Sunny,1071,5927,6998
521,2012-06-05,2012,June,FALSE,Tues,TRUE,Cloudy,968,6033,7001
522,2012-06-06,2012,June,FALSE,Wed,TRUE,Sunny,1027,6028,7055
523,2012-06-07,2012,June,FALSE,Thur,TRUE,Sunny,1038,6456,7494
524,2012-06-08,2012,June,FALSE,Fri,TRUE,Sunny,1488,6248,7736
525,2012-06-09,2012,June,FALSE,Sat,FALSE,Sunny,2708,4790,7498
526,2012-06-10,2012,June,FALSE,Sun,FALSE,Sunny,2224,4374,6598
527,2012-06-11,2012,June,FALSE,Mon,TRUE,Cloudy,1017,5647,6664
528,2012-06-12,2012,June,FALSE,Tues,TRUE,Cloudy,477,4495,4972
529,2012-06-13,2012,June,FALSE,Wed,TRUE,Sunny,1173,6248,7421
530,2012-06-14,2012,June,FALSE,Thur,TRUE,Sunny,1180,6183,7363
531,2012-06-15,2012,June,FALSE,Fri,TRUE,Sunny,1563,6102,7665
532,2012-06-16,2012,June,FALSE,Sat,FALSE,Sunny,2963,4739,7702
533,2012-06-17,2012,June,FALSE,Sun,FALSE,Sunny,2634,4344,6978
534,2012-06-18,2012,June,FALSE,Mon,TRUE,Cloudy,653,4446,5099
535,2012-06-19,2012,June,FALSE,Tues,TRUE,Sunny,968,5857,6825
536,2012-06-20,2012,June,FALSE,Wed,TRUE,Sunny,872,5339,6211
537,2012-06-21,2012,June,FALSE,Thur,TRUE,Sunny,778,5127,5905
538,2012-06-22,2012,June,FALSE,Fri,TRUE,Sunny,964,4859,5823
539,2012-06-23,2012,June,FALSE,Sat,FALSE,Sunny,2657,4801,7458
540,2012-06-24,2012,June,FALSE,Sun,FALSE,Sunny,2551,4340,6891
541,2012-06-25,2012,June,FALSE,Mon,TRUE,Sunny,1139,5640,6779
542,2012-06-26,2012,June,FALSE,Tues,TRUE,Sunny,1077,6365,7442
543,2012-06-27,2012,June,FALSE,Wed,TRUE,Sunny,1077,6258,7335
544,2012-06-28,2012,June,FALSE,Thur,TRUE,Sunny,921,5958,6879
545,2012-06-29,2012,June,FALSE,Fri,TRUE,Sunny,829,4634,5463
546,2012-06-30,2012,June,FALSE,Sat,FALSE,Sunny,1455,4232,5687
547,2012-07-01,2012,July,FALSE,Sun,FALSE,Sunny,1421,4110,5531
548,2012-07-02,2012,July,FALSE,Mon,TRUE,Sunny,904,5323,6227
549,2012-07-03,2012,July,FALSE,Tues,TRUE,Sunny,1052,5608,6660
550,2012-07-04,2012,July,TRUE,Wed,FALSE,Sunny,2562,4841,7403
551,2012-07-05,2012,July,FALSE,Thur,TRUE,Sunny,1405,4836,6241
552,2012-07-06,2012,July,FALSE,Fri,TRUE,Sunny,1366,4841,6207
553,2012-07-07,2012,July,FALSE,Sat,FALSE,Sunny,1448,3392,4840
554,2012-07-08,2012,July,FALSE,Sun,FALSE,Sunny,1203,3469,4672
555,2012-07-09,2012,July,FALSE,Mon,TRUE,Cloudy,998,5571,6569
556,2012-07-10,2012,July,FALSE,Tues,TRUE,Cloudy,954,5336,6290
557,2012-07-11,2012,July,FALSE,Wed,TRUE,Sunny,975,6289,7264
558,2012-07-12,2012,July,FALSE,Thur,TRUE,Sunny,1032,6414,7446
559,2012-07-13,2012,July,FALSE,Fri,TRUE,Cloudy,1511,5988,7499
560,2012-07-14,2012,July,FALSE,Sat,FALSE,Cloudy,2355,4614,6969
561,2012-07-15,2012,July,FALSE,Sun,FALSE,Sunny,1920,4111,6031
562,2012-07-16,2012,July,FALSE,Mon,TRUE,Sunny,1088,5742,6830
563,2012-07-17,2012,July,FALSE,Tues,TRUE,Sunny,921,5865,6786
564,2012-07-18,2012,July,FALSE,Wed,TRUE,Sunny,799,4914,5713
565,2012-07-19,2012,July,FALSE,Thur,TRUE,Sunny,888,5703,6591
566,2012-07-20,2012,July,FALSE,Fri,TRUE,Cloudy,747,5123,5870
567,2012-07-21,2012,July,FALSE,Sat,FALSE,Rain/Snow,1264,3195,4459
568,2012-07-22,2012,July,FALSE,Sun,FALSE,Cloudy,2544,4866,7410
569,2012-07-23,2012,July,FALSE,Mon,TRUE,Sunny,1135,5831,6966
570,2012-07-24,2012,July,FALSE,Tues,TRUE,Sunny,1140,6452,7592
571,2012-07-25,2012,July,FALSE,Wed,TRUE,Sunny,1383,6790,8173
572,2012-07-26,2012,July,FALSE,Thur,TRUE,Sunny,1036,5825,6861
573,2012-07-27,2012,July,FALSE,Fri,TRUE,Sunny,1259,5645,6904
574,2012-07-28,2012,July,FALSE,Sat,FALSE,Sunny,2234,4451,6685
575,2012-07-29,2012,July,FALSE,Sun,FALSE,Sunny,2153,4444,6597
576,2012-07-30,2012,July,FALSE,Mon,TRUE,Sunny,1040,6065,7105
577,2012-07-31,2012,July,FALSE,Tues,TRUE,Sunny,968,6248,7216
578,2012-08-01,2012,Aug,FALSE,Wed,TRUE,Sunny,1074,6506,7580
579,2012-08-02,2012,Aug,FALSE,Thur,TRUE,Sunny,983,6278,7261
580,2012-08-03,2012,Aug,FALSE,Fri,TRUE,Cloudy,1328,5847,7175
581,2012-08-04,2012,Aug,FALSE,Sat,FALSE,Sunny,2345,4479,6824
582,2012-08-05,2012,Aug,FALSE,Sun,FALSE,Sunny,1707,3757,5464
583,2012-08-06,2012,Aug,FALSE,Mon,TRUE,Cloudy,1233,5780,7013
584,2012-08-07,2012,Aug,FALSE,Tues,TRUE,Cloudy,1278,5995,7273
585,2012-08-08,2012,Aug,FALSE,Wed,TRUE,Cloudy,1263,6271,7534
586,2012-08-09,2012,Aug,FALSE,Thur,TRUE,Sunny,1196,6090,7286
587,2012-08-10,2012,Aug,FALSE,Fri,TRUE,Cloudy,1065,4721,5786
588,2012-08-11,2012,Aug,FALSE,Sat,FALSE,Cloudy,2247,4052,6299
589,2012-08-12,2012,Aug,FALSE,Sun,FALSE,Sunny,2182,4362,6544
590,2012-08-13,2012,Aug,FALSE,Mon,TRUE,Sunny,1207,5676,6883
591,2012-08-14,2012,Aug,FALSE,Tues,TRUE,Sunny,1128,5656,6784
592,2012-08-15,2012,Aug,FALSE,Wed,TRUE,Sunny,1198,6149,7347
593,2012-08-16,2012,Aug,FALSE,Thur,TRUE,Sunny,1338,6267,7605
594,2012-08-17,2012,Aug,FALSE,Fri,TRUE,Sunny,1483,5665,7148
595,2012-08-18,2012,Aug,FALSE,Sat,FALSE,Sunny,2827,5038,7865
596,2012-08-19,2012,Aug,FALSE,Sun,FALSE,Cloudy,1208,3341,4549
597,2012-08-20,2012,Aug,FALSE,Mon,TRUE,Cloudy,1026,5504,6530
598,2012-08-21,2012,Aug,FALSE,Tues,TRUE,Sunny,1081,5925,7006
599,2012-08-22,2012,Aug,FALSE,Wed,TRUE,Sunny,1094,6281,7375
600,2012-08-23,2012,Aug,FALSE,Thur,TRUE,Sunny,1363,6402,7765
601,2012-08-24,2012,Aug,FALSE,Fri,TRUE,Cloudy,1325,6257,7582
602,2012-08-25,2012,Aug,FALSE,Sat,FALSE,Cloudy,1829,4224,6053
603,2012-08-26,2012,Aug,FALSE,Sun,FALSE,Cloudy,1483,3772,5255
604,2012-08-27,2012,Aug,FALSE,Mon,TRUE,Sunny,989,5928,6917
605,2012-08-28,2012,Aug,FALSE,Tues,TRUE,Sunny,935,6105,7040
606,2012-08-29,2012,Aug,FALSE,Wed,TRUE,Sunny,1177,6520,7697
607,2012-08-30,2012,Aug,FALSE,Thur,TRUE,Sunny,1172,6541,7713
608,2012-08-31,2012,Aug,FALSE,Fri,TRUE,Sunny,1433,5917,7350
609,2012-09-01,2012,Sept,FALSE,Sat,FALSE,Cloudy,2352,3788,6140
610,2012-09-02,2012,Sept,FALSE,Sun,FALSE,Cloudy,2613,3197,5810
611,2012-09-03,2012,Sept,TRUE,Mon,FALSE,Sunny,1965,4069,6034
612,2012-09-04,2012,Sept,FALSE,Tues,TRUE,Sunny,867,5997,6864
613,2012-09-05,2012,Sept,FALSE,Wed,TRUE,Sunny,832,6280,7112
614,2012-09-06,2012,Sept,FALSE,Thur,TRUE,Cloudy,611,5592,6203
615,2012-09-07,2012,Sept,FALSE,Fri,TRUE,Sunny,1045,6459,7504
616,2012-09-08,2012,Sept,FALSE,Sat,FALSE,Cloudy,1557,4419,5976
617,2012-09-09,2012,Sept,FALSE,Sun,FALSE,Sunny,2570,5657,8227
618,2012-09-10,2012,Sept,FALSE,Mon,TRUE,Sunny,1118,6407,7525
619,2012-09-11,2012,Sept,FALSE,Tues,TRUE,Sunny,1070,6697,7767
620,2012-09-12,2012,Sept,FALSE,Wed,TRUE,Sunny,1050,6820,7870
621,2012-09-13,2012,Sept,FALSE,Thur,TRUE,Sunny,1054,6750,7804
622,2012-09-14,2012,Sept,FALSE,Fri,TRUE,Sunny,1379,6630,8009
623,2012-09-15,2012,Sept,FALSE,Sat,FALSE,Sunny,3160,5554,8714
624,2012-09-16,2012,Sept,FALSE,Sun,FALSE,Sunny,2166,5167,7333
625,2012-09-17,2012,Sept,FALSE,Mon,TRUE,Cloudy,1022,5847,6869
626,2012-09-18,2012,Sept,FALSE,Tues,TRUE,Cloudy,371,3702,4073
627,2012-09-19,2012,Sept,FALSE,Wed,TRUE,Sunny,788,6803,7591
628,2012-09-20,2012,Sept,FALSE,Thur,TRUE,Sunny,939,6781,7720
629,2012-09-21,2012,Sept,FALSE,Fri,TRUE,Sunny,1250,6917,8167
630,2012-09-22,2012,Sept,FALSE,Sat,FALSE,Sunny,2512,5883,8395
631,2012-09-23,2012,Sept,FALSE,Sun,FALSE,Sunny,2454,5453,7907
632,2012-09-24,2012,Sept,FALSE,Mon,TRUE,Sunny,1001,6435,7436
633,2012-09-25,2012,Sept,FALSE,Tues,TRUE,Sunny,845,6693,7538
634,2012-09-26,2012,Sept,FALSE,Wed,TRUE,Sunny,787,6946,7733
635,2012-09-27,2012,Sept,FALSE,Thur,TRUE,Cloudy,751,6642,7393
636,2012-09-28,2012,Sept,FALSE,Fri,TRUE,Cloudy,1045,6370,7415
637,2012-09-29,2012,Sept,FALSE,Sat,FALSE,Sunny,2589,5966,8555
638,2012-09-30,2012,Sept,FALSE,Sun,FALSE,Sunny,2015,4874,6889
639,2012-10-01,2012,Oct,FALSE,Mon,TRUE,Cloudy,763,6015,6778
640,2012-10-02,2012,Oct,FALSE,Tues,TRUE,Rain/Snow,315,4324,4639
641,2012-10-03,2012,Oct,FALSE,Wed,TRUE,Cloudy,728,6844,7572
642,2012-10-04,2012,Oct,FALSE,Thur,TRUE,Cloudy,891,6437,7328
643,2012-10-05,2012,Oct,FALSE,Fri,TRUE,Sunny,1516,6640,8156
644,2012-10-06,2012,Oct,FALSE,Sat,FALSE,Sunny,3031,4934,7965
645,2012-10-07,2012,Oct,FALSE,Sun,FALSE,Cloudy,781,2729,3510
646,2012-10-08,2012,Oct,TRUE,Mon,FALSE,Cloudy,874,4604,5478
647,2012-10-09,2012,Oct,FALSE,Tues,TRUE,Cloudy,601,5791,6392
648,2012-10-10,2012,Oct,FALSE,Wed,TRUE,Sunny,780,6911,7691
649,2012-10-11,2012,Oct,FALSE,Thur,TRUE,Sunny,834,6736,7570
650,2012-10-12,2012,Oct,FALSE,Fri,TRUE,Sunny,1060,6222,7282
651,2012-10-13,2012,Oct,FALSE,Sat,FALSE,Sunny,2252,4857,7109
652,2012-10-14,2012,Oct,FALSE,Sun,FALSE,Sunny,2080,4559,6639
653,2012-10-15,2012,Oct,FALSE,Mon,TRUE,Cloudy,760,5115,5875
654,2012-10-16,2012,Oct,FALSE,Tues,TRUE,Sunny,922,6612,7534
655,2012-10-17,2012,Oct,FALSE,Wed,TRUE,Sunny,979,6482,7461
656,2012-10-18,2012,Oct,FALSE,Thur,TRUE,Cloudy,1008,6501,7509
657,2012-10-19,2012,Oct,FALSE,Fri,TRUE,Cloudy,753,4671,5424
658,2012-10-20,2012,Oct,FALSE,Sat,FALSE,Sunny,2806,5284,8090
659,2012-10-21,2012,Oct,FALSE,Sun,FALSE,Sunny,2132,4692,6824
660,2012-10-22,2012,Oct,FALSE,Mon,TRUE,Sunny,830,6228,7058
661,2012-10-23,2012,Oct,FALSE,Tues,TRUE,Sunny,841,6625,7466
662,2012-10-24,2012,Oct,FALSE,Wed,TRUE,Sunny,795,6898,7693
663,2012-10-25,2012,Oct,FALSE,Thur,TRUE,Cloudy,875,6484,7359
664,2012-10-26,2012,Oct,FALSE,Fri,TRUE,Cloudy,1182,6262,7444
665,2012-10-27,2012,Oct,FALSE,Sat,FALSE,Cloudy,2643,5209,7852
666,2012-10-28,2012,Oct,FALSE,Sun,FALSE,Cloudy,998,3461,4459
667,2012-10-29,2012,Oct,FALSE,Mon,TRUE,Rain/Snow,2,20,22
668,2012-10-30,2012,Oct,FALSE,Tues,TRUE,Cloudy,87,1009,1096
669,2012-10-31,2012,Oct,FALSE,Wed,TRUE,Cloudy,419,5147,5566
670,2012-11-01,2012,Nov,FALSE,Thur,TRUE,Cloudy,466,5520,5986
671,2012-11-02,2012,Nov,FALSE,Fri,TRUE,Sunny,618,5229,5847
672,2012-11-03,2012,Nov,FALSE,Sat,FALSE,Cloudy,1029,4109,5138
673,2012-11-04,2012,Nov,FALSE,Sun,FALSE,Sunny,1201,3906,5107
674,2012-11-05,2012,Nov,FALSE,Mon,TRUE,Sunny,378,4881,5259
675,2012-11-06,2012,Nov,FALSE,Tues,TRUE,Sunny,466,5220,5686
676,2012-11-07,2012,Nov,FALSE,Wed,TRUE,Cloudy,326,4709,5035
677,2012-11-08,2012,Nov,FALSE,Thur,TRUE,Sunny,340,4975,5315
678,2012-11-09,2012,Nov,FALSE,Fri,TRUE,Sunny,709,5283,5992
679,2012-11-10,2012,Nov,FALSE,Sat,FALSE,Sunny,2090,4446,6536
680,2012-11-11,2012,Nov,FALSE,Sun,FALSE,Sunny,2290,4562,6852
681,2012-11-12,2012,Nov,TRUE,Mon,FALSE,Sunny,1097,5172,6269
682,2012-11-13,2012,Nov,FALSE,Tues,TRUE,Cloudy,327,3767,4094
683,2012-11-14,2012,Nov,FALSE,Wed,TRUE,Sunny,373,5122,5495
684,2012-11-15,2012,Nov,FALSE,Thur,TRUE,Cloudy,320,5125,5445
685,2012-11-16,2012,Nov,FALSE,Fri,TRUE,Sunny,484,5214,5698
686,2012-11-17,2012,Nov,FALSE,Sat,FALSE,Sunny,1313,4316,5629
687,2012-11-18,2012,Nov,FALSE,Sun,FALSE,Sunny,922,3747,4669
688,2012-11-19,2012,Nov,FALSE,Mon,TRUE,Cloudy,449,5050,5499
689,2012-11-20,2012,Nov,FALSE,Tues,TRUE,Cloudy,534,5100,5634
690,2012-11-21,2012,Nov,FALSE,Wed,TRUE,Sunny,615,4531,5146
691,2012-11-22,2012,Nov,TRUE,Thur,FALSE,Sunny,955,1470,2425
692,2012-11-23,2012,Nov,FALSE,Fri,TRUE,Sunny,1603,2307,3910
693,2012-11-24,2012,Nov,FALSE,Sat,FALSE,Sunny,532,1745,2277
694,2012-11-25,2012,Nov,FALSE,Sun,FALSE,Sunny,309,2115,2424
695,2012-11-26,2012,Nov,FALSE,Mon,TRUE,Sunny,337,4750,5087
696,2012-11-27,2012,Nov,FALSE,Tues,TRUE,Cloudy,123,3836,3959
697,2012-11-28,2012,Nov,FALSE,Wed,TRUE,Sunny,198,5062,5260
698,2012-11-29,2012,Nov,FALSE,Thur,TRUE,Sunny,243,5080,5323
699,2012-11-30,2012,Nov,FALSE,Fri,TRUE,Sunny,362,5306,5668
700,2012-12-01,2012,Dec,FALSE,Sat,FALSE,Cloudy,951,4240,5191
701,2012-12-02,2012,Dec,FALSE,Sun,FALSE,Cloudy,892,3757,4649
702,2012-12-03,2012,Dec,FALSE,Mon,TRUE,Sunny,555,5679,6234
703,2012-12-04,2012,Dec,FALSE,Tues,TRUE,Sunny,551,6055,6606
704,2012-12-05,2012,Dec,FALSE,Wed,TRUE,Sunny,331,5398,5729
705,2012-12-06,2012,Dec,FALSE,Thur,TRUE,Sunny,340,5035,5375
706,2012-12-07,2012,Dec,FALSE,Fri,TRUE,Cloudy,349,4659,5008
707,2012-12-08,2012,Dec,FALSE,Sat,FALSE,Cloudy,1153,4429,5582
708,2012-12-09,2012,Dec,FALSE,Sun,FALSE,Cloudy,441,2787,3228
709,2012-12-10,2012,Dec,FALSE,Mon,TRUE,Cloudy,329,4841,5170
710,2012-12-11,2012,Dec,FALSE,Tues,TRUE,Cloudy,282,5219,5501
711,2012-12-12,2012,Dec,FALSE,Wed,TRUE,Cloudy,310,5009,5319
712,2012-12-13,2012,Dec,FALSE,Thur,TRUE,Sunny,425,5107,5532
713,2012-12-14,2012,Dec,FALSE,Fri,TRUE,Sunny,429,5182,5611
714,2012-12-15,2012,Dec,FALSE,Sat,FALSE,Sunny,767,4280,5047
715,2012-12-16,2012,Dec,FALSE,Sun,FALSE,Cloudy,538,3248,3786
716,2012-12-17,2012,Dec,FALSE,Mon,TRUE,Cloudy,212,4373,4585
717,2012-12-18,2012,Dec,FALSE,Tues,TRUE,Sunny,433,5124,5557
718,2012-12-19,2012,Dec,FALSE,Wed,TRUE,Sunny,333,4934,5267
719,2012-12-20,2012,Dec,FALSE,Thur,TRUE,Cloudy,314,3814,4128
720,2012-12-21,2012,Dec,FALSE,Fri,TRUE,Cloudy,221,3402,3623
721,2012-12-22,2012,Dec,FALSE,Sat,FALSE,Sunny,205,1544,1749
722,2012-12-23,2012,Dec,FALSE,Sun,FALSE,Sunny,408,1379,1787
723,2012-12-24,2012,Dec,FALSE,Mon,TRUE,Cloudy,174,746,920
724,2012-12-25,2012,Dec,TRUE,Tues,FALSE,Cloudy,440,573,1013
725,2012-12-26,2012,Dec,FALSE,Wed,TRUE,Rain/Snow,9,432,441
726,2012-12-27,2012,Dec,FALSE,Thur,TRUE,Cloudy,247,1867,2114
727,2012-12-28,2012,Dec,FALSE,Fri,TRUE,Cloudy,644,2451,3095
728,2012-12-29,2012,Dec,FALSE,Sat,FALSE,Cloudy,159,1182,1341
729,2012-12-30,2012,Dec,FALSE,Sun,FALSE,Sunny,364,1432,1796
730,2012-12-31,2012,Dec,FALSE,Mon,TRUE,Cloudy,439,2290,2729
